regra,n_anos_presente,n_anos_total,freq_relativa,status,lift_medio,confianca_media,anos
"ctx_causa_acidente_Pedestre_andava_na_pista, ctx_tracado_via_Reta => desfecho_AltaGravidade",2,4,0.5,estavel,2.8138,0.9167,"[2023, 2025]"
"ctx_causa_acidente_Transitar_na_contramão, ctx_fim_de_semana_Sim, ctx_tipo_acidente_Colisão_frontal => desfecho_AltaGravidade",4,4,1.0,estavel,2.7037,0.8763,"[2023, 2024, 2025, 2026]"
"ctx_fase_dia_Plena_Noite, ctx_tipo_acidente_Atropelamento_de_Pedestre, ctx_tipo_pista_Simples => desfecho_AltaGravidade",2,4,0.5,estavel,2.7016,0.8783,"[2023, 2024]"
"ctx_causa_acidente_Transitar_na_contramão, ctx_fase_dia_Plena_Noite, ctx_tipo_acidente_Colisão_frontal => desfecho_AltaGravidade",3,4,0.75,estavel,2.6452,0.8512,"[2023, 2024, 2026]"
"ctx_causa_acidente_Pedestre_andava_na_pista, ctx_uso_solo_Não => desfecho_AltaGravidade",3,4,0.75,estavel,2.6149,0.8442,"[2023, 2025, 2026]"
"ctx_causa_acidente_Transitar_na_contramão, ctx_condicao_metereologica_Céu_Claro, ctx_tipo_acidente_Colisão_frontal => desfecho_AltaGravidade",2,4,0.5,estavel,2.6034,0.8372,"[2024, 2026]"
"ctx_causa_acidente_Transitar_na_contramão, ctx_condicao_metereologica_Céu_Claro, ctx_fase_dia_Plena_Noite => desfecho_AltaGravidade",2,4,0.5,estavel,2.5997,0.8342,"[2024, 2026]"
"ctx_fase_dia_Plena_Noite, ctx_tipo_acidente_Atropelamento_de_Pedestre, ctx_tracado_via_Reta => desfecho_AltaGravidade",2,4,0.5,estavel,2.5754,0.8397,"[2023, 2025]"
"ctx_fim_de_semana_Sim, ctx_tipo_acidente_Colisão_frontal, ctx_tracado_via_Reta => desfecho_AltaGravidade",2,4,0.5,estavel,2.5706,0.8452,"[2024, 2025]"
"ctx_causa_acidente_Transitar_na_contramão, ctx_fase_dia_Plena_Noite, ctx_tracado_via_Reta => desfecho_AltaGravidade",2,4,0.5,estavel,2.5697,0.8197,"[2023, 2026]"
"ctx_tipo_acidente_Atropelamento_de_Pedestre, ctx_tipo_pista_Simples, ctx_uso_solo_Não => desfecho_AltaGravidade",2,4,0.5,estavel,2.552,0.8301,"[2023, 2024]"
"ctx_causa_acidente_Transitar_na_contramão, ctx_tipo_acidente_Colisão_frontal, ctx_uso_solo_Não => desfecho_AltaGravidade",4,4,1.0,estavel,2.5302,0.8193,"[2023, 2024, 2025, 2026]"
"ctx_condicao_metereologica_Céu_Claro, ctx_fase_dia_Plena_Noite, ctx_tipo_acidente_Colisão_frontal => desfecho_AltaGravidade",4,4,1.0,estavel,2.4971,0.8087,"[2023, 2024, 2025, 2026]"
"ctx_condicao_metereologica_Céu_Claro, ctx_fim_de_semana_Sim, ctx_tipo_acidente_Colisão_frontal => desfecho_AltaGravidade",2,4,0.5,estavel,2.4957,0.8044,"[2025, 2026]"
"ctx_causa_acidente_Transitar_na_contramão, ctx_fim_de_semana_Não, ctx_tracado_via_Reta => desfecho_AltaGravidade",2,4,0.5,estavel,2.4891,0.794,"[2023, 2026]"
ctx_causa_acidente_Pedestre_andava_na_pista => desfecho_AltaGravidade,4,4,1.0,estavel,2.4868,0.8061,"[2023, 2024, 2025, 2026]"
"ctx_fase_dia_Plena_Noite, ctx_tipo_acidente_Atropelamento_de_Pedestre, ctx_tipo_pista_Dupla => desfecho_AltaGravidade",2,4,0.5,estavel,2.4763,0.7983,"[2025, 2026]"
"ctx_causa_acidente_Transitar_na_contramão, ctx_tipo_acidente_Colisão_frontal => desfecho_AltaGravidade",4,4,1.0,estavel,2.4627,0.7973,"[2023, 2024, 2025, 2026]"
"ctx_fase_dia_Plena_Noite, ctx_tipo_acidente_Atropelamento_de_Pedestre, ctx_uso_solo_Não => desfecho_AltaGravidade",3,4,0.75,estavel,2.4585,0.8033,"[2023, 2024, 2025]"
"ctx_condicao_metereologica_Céu_Claro, ctx_tipo_acidente_Atropelamento_de_Pedestre, ctx_tipo_pista_Simples => desfecho_AltaGravidade",3,4,0.75,estavel,2.4506,0.8003,"[2023, 2024, 2025]"
"ctx_fim_de_semana_Não, ctx_tipo_acidente_Atropelamento_de_Pedestre, ctx_uso_solo_Não => desfecho_AltaGravidade",3,4,0.75,estavel,2.4479,0.7938,"[2024, 2025, 2026]"
"ctx_fase_dia_Pleno_dia, ctx_fim_de_semana_Sim, ctx_tipo_acidente_Colisão_frontal => desfecho_AltaGravidade",2,4,0.5,estavel,2.446,0.7889,"[2025, 2026]"
"ctx_tipo_acidente_Atropelamento_de_Pedestre, ctx_tipo_pista_Dupla, ctx_uso_solo_Não => desfecho_AltaGravidade",2,4,0.5,estavel,2.4366,0.7854,"[2025, 2026]"
"ctx_fase_dia_Plena_Noite, ctx_tipo_acidente_Colisão_frontal, ctx_uso_solo_Não => desfecho_AltaGravidade",4,4,1.0,estavel,2.4115,0.781,"[2023, 2024, 2025, 2026]"
"ctx_condicao_metereologica_Céu_Claro, ctx_fase_dia_Plena_Noite, ctx_tipo_acidente_Atropelamento_de_Pedestre => desfecho_AltaGravidade",3,4,0.75,estavel,2.4098,0.776,"[2023, 2024, 2026]"
"ctx_fase_dia_Plena_Noite, ctx_fim_de_semana_Não, ctx_tipo_acidente_Atropelamento_de_Pedestre => desfecho_AltaGravidade",3,4,0.75,estavel,2.3873,0.7686,"[2023, 2024, 2026]"
"ctx_fim_de_semana_Sim, ctx_tipo_acidente_Colisão_frontal, ctx_uso_solo_Não => desfecho_AltaGravidade",4,4,1.0,estavel,2.3763,0.7696,"[2023, 2024, 2025, 2026]"
"ctx_condicao_metereologica_Céu_Claro, ctx_fim_de_semana_Não, ctx_tipo_acidente_Colisão_frontal => desfecho_AltaGravidade",2,4,0.5,estavel,2.369,0.7706,"[2023, 2024]"
"ctx_condicao_metereologica_Céu_Claro, ctx_tipo_acidente_Colisão_frontal, ctx_uso_solo_Não => desfecho_AltaGravidade",4,4,1.0,estavel,2.3622,0.7651,"[2023, 2024, 2025, 2026]"
"ctx_tipo_acidente_Atropelamento_de_Pedestre, ctx_tipo_pista_Simples, ctx_tracado_via_Reta => desfecho_AltaGravidade",2,4,0.5,estavel,2.3581,0.7751,"[2024, 2025]"
"ctx_fim_de_semana_Sim, ctx_tipo_acidente_Colisão_frontal, ctx_tipo_pista_Simples => desfecho_AltaGravidade",3,4,0.75,estavel,2.3559,0.7585,"[2023, 2024, 2026]"
"ctx_fase_dia_Plena_Noite, ctx_tipo_acidente_Colisão_frontal, ctx_tipo_pista_Simples => desfecho_AltaGravidade",2,4,0.5,estavel,2.3508,0.7661,"[2023, 2025]"
"ctx_tipo_acidente_Colisão_frontal, ctx_tracado_via_Reta, ctx_uso_solo_Não => desfecho_AltaGravidade",3,4,0.75,estavel,2.347,0.7568,"[2023, 2025, 2026]"
"ctx_tipo_acidente_Atropelamento_de_Pedestre, ctx_uso_solo_Não => desfecho_AltaGravidade",4,4,1.0,estavel,2.33,0.7546,"[2023, 2024, 2025, 2026]"
"ctx_fase_dia_Plena_Noite, ctx_tipo_acidente_Colisão_frontal => desfecho_AltaGravidade",4,4,1.0,estavel,2.3283,0.7541,"[2023, 2024, 2025, 2026]"
"ctx_causa_acidente_Transitar_na_contramão, ctx_tracado_via_Reta => desfecho_AltaGravidade",2,4,0.5,estavel,2.3279,0.7427,"[2023, 2026]"
"ctx_fim_de_semana_Sim, ctx_tipo_acidente_Colisão_frontal => desfecho_AltaGravidade",4,4,1.0,estavel,2.327,0.7536,"[2023, 2024, 2025, 2026]"
"ctx_causa_acidente_Transitar_na_contramão, ctx_fase_dia_Plena_Noite => desfecho_AltaGravidade",4,4,1.0,estavel,2.322,0.7519,"[2023, 2024, 2025, 2026]"
"ctx_fim_de_semana_Sim, ctx_tipo_acidente_Atropelamento_de_Pedestre => desfecho_AltaGravidade",3,4,0.75,estavel,2.3216,0.7488,"[2023, 2025, 2026]"
"ctx_causa_acidente_Transitar_na_contramão, ctx_fim_de_semana_Sim => desfecho_AltaGravidade",4,4,1.0,estavel,2.321,0.7525,"[2023, 2024, 2025, 2026]"
"ctx_fase_dia_Plena_Noite, ctx_tipo_acidente_Atropelamento_de_Pedestre => desfecho_AltaGravidade",4,4,1.0,estavel,2.3104,0.7482,"[2023, 2024, 2025, 2026]"
"ctx_causa_acidente_Transitar_na_contramão, ctx_fase_dia_Plena_Noite, ctx_tipo_pista_Simples => desfecho_AltaGravidade",2,4,0.5,estavel,2.3088,0.7415,"[2024, 2026]"
"ctx_tipo_acidente_Atropelamento_de_Pedestre, ctx_tipo_pista_Dupla, ctx_tracado_via_Reta => desfecho_AltaGravidade",2,4,0.5,estavel,2.303,0.7507,"[2023, 2025]"
"ctx_condicao_metereologica_Céu_Claro, ctx_tipo_acidente_Colisão_frontal, ctx_tipo_pista_Simples => desfecho_AltaGravidade",3,4,0.75,estavel,2.3028,0.7522,"[2023, 2024, 2025]"
"ctx_causa_acidente_Transitar_na_contramão, ctx_fase_dia_Plena_Noite, ctx_uso_solo_Não => desfecho_AltaGravidade",2,4,0.5,estavel,2.291,0.7454,"[2023, 2024]"
"ctx_tipo_acidente_Colisão_frontal, ctx_tipo_pista_Simples, ctx_tracado_via_Reta => desfecho_AltaGravidade",3,4,0.75,estavel,2.2766,0.7345,"[2023, 2025, 2026]"
"ctx_tipo_acidente_Atropelamento_de_Pedestre, ctx_tipo_pista_Dupla => desfecho_AltaGravidade",3,4,0.75,estavel,2.268,0.731,"[2023, 2025, 2026]"
"ctx_condicao_metereologica_Céu_Claro, ctx_tipo_acidente_Atropelamento_de_Pedestre => desfecho_AltaGravidade",4,4,1.0,estavel,2.2632,0.7328,"[2023, 2024, 2025, 2026]"
"ctx_condicao_metereologica_Céu_Claro, ctx_tipo_acidente_Colisão_frontal => desfecho_AltaGravidade",4,4,1.0,estavel,2.2615,0.7322,"[2023, 2024, 2025, 2026]"
"ctx_fim_de_semana_Não, ctx_tipo_acidente_Atropelamento_de_Pedestre, ctx_tracado_via_Reta => desfecho_AltaGravidade",2,4,0.5,estavel,2.2469,0.7228,"[2024, 2026]"
"ctx_tipo_acidente_Colisão_frontal, ctx_tipo_pista_Simples, ctx_uso_solo_Não => desfecho_AltaGravidade",3,4,0.75,estavel,2.2416,0.7323,"[2023, 2024, 2025]"
"ctx_tipo_acidente_Atropelamento_de_Pedestre, ctx_tipo_pista_Simples => desfecho_AltaGravidade",3,4,0.75,estavel,2.2284,0.7279,"[2023, 2024, 2025]"
"ctx_tipo_acidente_Colisão_frontal, ctx_uso_solo_Não => desfecho_AltaGravidade",4,4,1.0,estavel,2.2217,0.7195,"[2023, 2024, 2025, 2026]"
"ctx_fim_de_semana_Não, ctx_tipo_acidente_Colisão_frontal, ctx_tracado_via_Curva => desfecho_AltaGravidade",2,4,0.5,estavel,2.2165,0.7211,"[2023, 2024]"
"ctx_tipo_acidente_Colisão_frontal, ctx_tracado_via_Reta => desfecho_AltaGravidade",2,4,0.5,estavel,2.214,0.7217,"[2023, 2025]"
"ctx_tipo_acidente_Atropelamento_de_Pedestre, ctx_tracado_via_Reta => desfecho_AltaGravidade",2,4,0.5,estavel,2.2073,0.7197,"[2023, 2025]"
"ctx_fim_de_semana_Não, ctx_tipo_acidente_Atropelamento_de_Pedestre, ctx_tipo_pista_Dupla => desfecho_AltaGravidade",2,4,0.5,estavel,2.1962,0.722,"[2024, 2025]"
"ctx_tipo_acidente_Colisão_frontal, ctx_tipo_pista_Simples => desfecho_AltaGravidade",3,4,0.75,estavel,2.1736,0.7101,"[2023, 2024, 2025]"
ctx_tipo_acidente_Atropelamento_de_Pedestre => desfecho_AltaGravidade,4,4,1.0,estavel,2.1711,0.703,"[2023, 2024, 2025, 2026]"
ctx_tipo_acidente_Colisão_frontal => desfecho_AltaGravidade,4,4,1.0,estavel,2.1629,0.7004,"[2023, 2024, 2025, 2026]"
"ctx_causa_acidente_Transitar_na_contramão, ctx_condicao_metereologica_Céu_Claro => desfecho_AltaGravidade",3,4,0.75,estavel,2.1444,0.6898,"[2023, 2024, 2026]"
"ctx_causa_acidente_Transitar_na_contramão, ctx_fim_de_semana_Sim, ctx_tipo_pista_Simples => desfecho_AltaGravidade",2,4,0.5,estavel,2.1124,0.687,"[2023, 2024]"
"ctx_causa_acidente_Transitar_na_contramão, ctx_uso_solo_Não => desfecho_AltaGravidade",4,4,1.0,estavel,2.0969,0.679,"[2023, 2024, 2025, 2026]"
ctx_causa_acidente_Transitar_na_contramão => desfecho_AltaGravidade,4,4,1.0,estavel,2.0444,0.6618,"[2023, 2024, 2025, 2026]"
"ctx_causa_acidente_Transitar_na_contramão, ctx_tipo_pista_Simples => desfecho_AltaGravidade",2,4,0.5,estavel,1.9872,0.6534,"[2024, 2025]"
"ctx_causa_acidente_Ultrapassagem_Indevida, ctx_condicao_metereologica_Céu_Claro, ctx_tipo_pista_Simples => desfecho_AltaGravidade",2,4,0.5,estavel,1.9054,0.6193,"[2023, 2024]"
"ctx_causa_acidente_Acessar_a_via_sem_observar_a_presença_dos_outros_veículos, ctx_fim_de_semana_Sim, ctx_uso_solo_Não => desfecho_AltaGravidade",3,4,0.75,estavel,1.8297,0.588,"[2023, 2024, 2026]"
"ctx_causa_acidente_Ultrapassagem_Indevida, ctx_fim_de_semana_Não => desfecho_AltaGravidade",2,4,0.5,estavel,1.8241,0.5828,"[2023, 2026]"
"ctx_causa_acidente_Ultrapassagem_Indevida, ctx_tipo_pista_Simples => desfecho_AltaGravidade",3,4,0.75,estavel,1.8042,0.5811,"[2023, 2024, 2026]"
"ctx_fim_de_semana_Sim, ctx_tipo_acidente_Colisão_transversal, ctx_tracado_via_Reta => desfecho_AltaGravidade",2,4,0.5,estavel,1.7587,0.561,"[2023, 2026]"
"ctx_causa_acidente_Acessar_a_via_sem_observar_a_presença_dos_outros_veículos, ctx_fim_de_semana_Sim, ctx_tipo_pista_Simples => desfecho_AltaGravidade",2,4,0.5,estavel,1.7552,0.5608,"[2023, 2026]"
"ctx_fim_de_semana_Não, ctx_tipo_pista_Simples, ctx_tracado_via_Reta;Declive => desfecho_AltaGravidade",2,4,0.5,estavel,1.7164,0.5602,"[2023, 2025]"
ctx_causa_acidente_Ultrapassagem_Indevida => desfecho_AltaGravidade,3,4,0.75,estavel,1.7153,0.5524,"[2023, 2024, 2026]"
"ctx_causa_acidente_Velocidade_Incompatível, ctx_condicao_metereologica_Nublado, ctx_tipo_pista_Simples => desfecho_AltaGravidade",2,4,0.5,estavel,1.7009,0.5554,"[2023, 2025]"
"ctx_tipo_pista_Simples, ctx_tracado_via_Declive;Reta, ctx_uso_solo_Não => desfecho_AltaGravidade",2,4,0.5,estavel,1.6566,0.5326,"[2024, 2026]"
"ctx_fim_de_semana_Sim, ctx_tipo_acidente_Colisão_transversal, ctx_uso_solo_Não => desfecho_AltaGravidade",3,4,0.75,estavel,1.6454,0.5295,"[2023, 2025, 2026]"
"ctx_causa_acidente_Acessar_a_via_sem_observar_a_presença_dos_outros_veículos, ctx_tipo_acidente_Colisão_transversal, ctx_tracado_via_Reta => desfecho_AltaGravidade",2,4,0.5,estavel,1.6425,0.5236,"[2023, 2026]"
"ctx_tipo_pista_Simples, ctx_tracado_via_Declive;Reta => desfecho_AltaGravidade",2,4,0.5,estavel,1.6399,0.5272,"[2024, 2026]"
"ctx_tipo_acidente_Colisão_transversal, ctx_tracado_via_Reta, ctx_uso_solo_Não => desfecho_AltaGravidade",3,4,0.75,estavel,1.555,0.5007,"[2023, 2025, 2026]"
"ctx_causa_acidente_Acessar_a_via_sem_observar_a_presença_dos_outros_veículos, ctx_fim_de_semana_Sim => desfecho_AltaGravidade",3,4,0.75,estavel,1.5372,0.4949,"[2023, 2024, 2026]"
"ctx_causa_acidente_Acessar_a_via_sem_observar_a_presença_dos_outros_veículos, ctx_tipo_pista_Simples, ctx_tracado_via_Reta => desfecho_AltaGravidade",2,4,0.5,estavel,1.5355,0.4897,"[2023, 2026]"
"ctx_condicao_metereologica_Céu_Claro, ctx_fase_dia_Amanhecer, ctx_uso_solo_Não => desfecho_AltaGravidade",2,4,0.5,estavel,1.531,0.493,"[2024, 2026]"
"ctx_causa_acidente_Acessar_a_via_sem_observar_a_presença_dos_outros_veículos, ctx_uso_solo_Não => desfecho_AltaGravidade",2,4,0.5,estavel,1.5259,0.4871,"[2023, 2026]"
"ctx_condicao_metereologica_Nublado, ctx_fim_de_semana_Sim, ctx_tipo_pista_Simples => desfecho_AltaGravidade",2,4,0.5,estavel,1.5236,0.5008,"[2024, 2025]"
"ctx_causa_acidente_Acessar_a_via_sem_observar_a_presença_dos_outros_veículos, ctx_condicao_metereologica_Céu_Claro, ctx_fase_dia_Plena_Noite => desfecho_AltaGravidade",2,4,0.5,estavel,1.5219,0.4921,"[2025, 2026]"
"ctx_causa_acidente_Ausência_de_reação_do_condutor, ctx_fase_dia_Plena_Noite, ctx_tipo_pista_Simples => desfecho_AltaGravidade",2,4,0.5,estavel,1.5212,0.4853,"[2023, 2026]"
"ctx_condicao_metereologica_Céu_Claro, ctx_tipo_acidente_Colisão_transversal, ctx_uso_solo_Não => desfecho_AltaGravidade",3,4,0.75,estavel,1.5153,0.4875,"[2023, 2024, 2026]"
"ctx_causa_acidente_Velocidade_Incompatível, ctx_fase_dia_Plena_Noite, ctx_tipo_pista_Simples => desfecho_AltaGravidade",2,4,0.5,estavel,1.5042,0.4904,"[2023, 2025]"
"ctx_causa_acidente_Acessar_a_via_sem_observar_a_presença_dos_outros_veículos, ctx_tracado_via_Reta => desfecho_AltaGravidade",2,4,0.5,estavel,1.4982,0.4778,"[2023, 2026]"
"ctx_fase_dia_Plena_Noite, ctx_fim_de_semana_Sim, ctx_tipo_pista_Simples => desfecho_AltaGravidade",3,4,0.75,estavel,1.4967,0.4829,"[2023, 2025, 2026]"
"ctx_condicao_metereologica_Céu_Claro, ctx_fase_dia_Amanhecer => desfecho_AltaGravidade",2,4,0.5,estavel,1.4759,0.4755,"[2024, 2026]"
"ctx_fim_de_semana_Sim, ctx_tipo_acidente_Colisão_transversal, ctx_tipo_pista_Simples => desfecho_AltaGravidade",3,4,0.75,estavel,1.4756,0.4757,"[2023, 2025, 2026]"
"ctx_tipo_pista_Simples, ctx_tracado_via_Reta;Declive => desfecho_AltaGravidade",3,4,0.75,estavel,1.4565,0.4705,"[2023, 2025, 2026]"
"ctx_fase_dia_Plena_Noite, ctx_tracado_via_Reta;Declive => desfecho_AltaGravidade",2,4,0.5,estavel,1.4556,0.4786,"[2024, 2025]"
"ctx_causa_acidente_Reação_tardia_ou_ineficiente_do_condutor, ctx_fim_de_semana_Sim, ctx_tipo_pista_Simples => desfecho_AltaGravidade",2,4,0.5,estavel,1.4466,0.4665,"[2024, 2026]"
"ctx_condicao_metereologica_Céu_Claro, ctx_fim_de_semana_Sim, ctx_tipo_acidente_Colisão_transversal => desfecho_AltaGravidade",4,4,1.0,estavel,1.4452,0.4675,"[2023, 2024, 2025, 2026]"
"ctx_causa_acidente_Velocidade_Incompatível, ctx_fim_de_semana_Sim, ctx_tipo_pista_Simples => desfecho_AltaGravidade",2,4,0.5,estavel,1.4447,0.475,"[2024, 2025]"
"ctx_fase_dia_Anoitecer, ctx_tipo_pista_Simples, ctx_uso_solo_Não => desfecho_AltaGravidade",4,4,1.0,estavel,1.4406,0.4666,"[2023, 2024, 2025, 2026]"
"ctx_fase_dia_Pleno_dia, ctx_tipo_acidente_Colisão_transversal, ctx_uso_solo_Não => desfecho_AltaGravidade",2,4,0.5,estavel,1.4303,0.466,"[2023, 2025]"
"ctx_fim_de_semana_Não, ctx_tipo_acidente_Colisão_lateral_sentido_oposto => desfecho_AltaGravidade",2,4,0.5,estavel,1.4281,0.4555,"[2023, 2026]"
"ctx_condicao_metereologica_Céu_Claro, ctx_tipo_acidente_Colisão_com_objeto, ctx_tipo_pista_Simples => desfecho_AltaGravidade",3,4,0.75,estavel,1.4227,0.4613,"[2024, 2025, 2026]"
"ctx_condicao_metereologica_Céu_Claro, ctx_fase_dia_Plena_Noite, ctx_tipo_pista_Simples => desfecho_AltaGravidade",4,4,1.0,estavel,1.4224,0.4609,"[2023, 2024, 2025, 2026]"
"ctx_fase_dia_Plena_Noite, ctx_tipo_pista_Simples, ctx_tracado_via_Reta => desfecho_AltaGravidade",3,4,0.75,estavel,1.4158,0.4562,"[2023, 2024, 2026]"
"ctx_fim_de_semana_Sim, ctx_tipo_acidente_Colisão_transversal => desfecho_AltaGravidade",3,4,0.75,estavel,1.4072,0.4534,"[2023, 2025, 2026]"
"ctx_fase_dia_Plena_Noite, ctx_tipo_acidente_Saída_de_leito_carroçável, ctx_tracado_via_Curva => desfecho_AltaGravidade",2,4,0.5,estavel,1.406,0.4583,"[2023, 2025]"
"ctx_fim_de_semana_Sim, ctx_tipo_pista_Simples, ctx_tracado_via_Reta => desfecho_AltaGravidade",3,4,0.75,estavel,1.4049,0.4535,"[2023, 2025, 2026]"
"ctx_tipo_acidente_Colisão_transversal, ctx_tracado_via_Reta => desfecho_AltaGravidade",3,4,0.75,estavel,1.4046,0.4524,"[2023, 2025, 2026]"
"ctx_condicao_metereologica_Céu_Claro, ctx_tracado_via_Aclive;Reta => desfecho_AltaGravidade",3,4,0.75,estavel,1.404,0.4529,"[2023, 2025, 2026]"
"ctx_fase_dia_Plena_Noite, ctx_tipo_pista_Simples, ctx_tracado_via_Curva => desfecho_AltaGravidade",2,4,0.5,estavel,1.4036,0.4532,"[2025, 2026]"
"ctx_fase_dia_Amanhecer, ctx_tipo_pista_Simples => desfecho_AltaGravidade",3,4,0.75,estavel,1.4013,0.4518,"[2023, 2024, 2026]"
"ctx_causa_acidente_Ingestão_de_álcool_pelo_condutor, ctx_tipo_pista_Simples => desfecho_AltaGravidade",2,4,0.5,estavel,1.4,0.4562,"[2023, 2025]"
ctx_condicao_metereologica_Ignorado => desfecho_AltaGravidade,2,4,0.5,estavel,1.3984,0.4548,"[2023, 2024]"
"ctx_condicao_metereologica_Céu_Claro, ctx_tipo_acidente_Colisão_transversal, ctx_tracado_via_Reta => desfecho_AltaGravidade",3,4,0.75,estavel,1.3945,0.4513,"[2024, 2025, 2026]"
"ctx_condicao_metereologica_Céu_Claro, ctx_fim_de_semana_Sim, ctx_tipo_pista_Simples => desfecho_AltaGravidade",2,4,0.5,estavel,1.3936,0.445,"[2023, 2026]"
"ctx_tipo_acidente_Colisão_transversal, ctx_uso_solo_Não => desfecho_AltaGravidade",4,4,1.0,estavel,1.3866,0.4488,"[2023, 2024, 2025, 2026]"
"ctx_fase_dia_Plena_Noite, ctx_tipo_pista_Simples, ctx_uso_solo_Não => desfecho_AltaGravidade",4,4,1.0,estavel,1.3854,0.449,"[2023, 2024, 2025, 2026]"
"ctx_fase_dia_Amanhecer, ctx_fim_de_semana_Não, ctx_tracado_via_Reta => desfecho_AltaGravidade",2,4,0.5,estavel,1.3835,0.4466,"[2025, 2026]"
"ctx_tipo_acidente_Colisão_com_objeto, ctx_tipo_pista_Simples, ctx_uso_solo_Não => desfecho_AltaGravidade",2,4,0.5,estavel,1.3825,0.4456,"[2024, 2026]"
"ctx_condicao_metereologica_Nublado, ctx_fase_dia_Plena_Noite, ctx_fim_de_semana_Sim => desfecho_AltaGravidade",2,4,0.5,estavel,1.3746,0.4519,"[2024, 2025]"
ctx_tipo_acidente_Colisão_lateral_sentido_oposto => desfecho_AltaGravidade,2,4,0.5,estavel,1.3746,0.4419,"[2024, 2026]"
"ctx_causa_acidente_Velocidade_Incompatível, ctx_tipo_pista_Simples, ctx_uso_solo_Não => desfecho_AltaGravidade",2,4,0.5,estavel,1.3722,0.4429,"[2025, 2026]"
"ctx_condicao_metereologica_Sol, ctx_tipo_pista_Simples, ctx_uso_solo_Não => desfecho_AltaGravidade",2,4,0.5,estavel,1.3692,0.4501,"[2024, 2025]"
"ctx_condicao_metereologica_Nublado, ctx_fase_dia_Plena_Noite, ctx_tipo_pista_Simples => desfecho_AltaGravidade",3,4,0.75,estavel,1.3643,0.4426,"[2024, 2025, 2026]"
"ctx_fase_dia_Plena_Noite, ctx_tipo_pista_Simples => desfecho_AltaGravidade",4,4,1.0,estavel,1.3571,0.4397,"[2023, 2024, 2025, 2026]"
"ctx_causa_acidente_Ausência_de_reação_do_condutor, ctx_fase_dia_Plena_Noite, ctx_fim_de_semana_Não => desfecho_AltaGravidade",2,4,0.5,estavel,1.3546,0.4324,"[2023, 2026]"
"ctx_fim_de_semana_Não, ctx_tracado_via_Aclive;Reta, ctx_uso_solo_Não => desfecho_AltaGravidade",2,4,0.5,estavel,1.3543,0.4452,"[2024, 2025]"
"ctx_causa_acidente_Acessar_a_via_sem_observar_a_presença_dos_outros_veículos, ctx_fase_dia_Plena_Noite => desfecho_AltaGravidade",3,4,0.75,estavel,1.3499,0.438,"[2024, 2025, 2026]"
"ctx_condicao_metereologica_Céu_Claro, ctx_tipo_acidente_Colisão_lateral_sentido_oposto => desfecho_AltaGravidade",2,4,0.5,estavel,1.3494,0.4436,"[2024, 2025]"
"ctx_condicao_metereologica_Céu_Claro, ctx_tracado_via_Curva;Declive => desfecho_AltaGravidade",2,4,0.5,estavel,1.3355,0.4391,"[2024, 2025]"
"ctx_condicao_metereologica_Céu_Claro, ctx_fase_dia_Plena_Noite, ctx_tipo_acidente_Colisão_transversal => desfecho_AltaGravidade",2,4,0.5,estavel,1.3286,0.4368,"[2024, 2025]"
"ctx_fim_de_semana_Sim, ctx_tipo_pista_Simples, ctx_uso_solo_Não => desfecho_AltaGravidade",3,4,0.75,estavel,1.3267,0.4304,"[2024, 2025, 2026]"
"ctx_fase_dia_Amanhecer, ctx_tracado_via_Reta => desfecho_AltaGravidade",2,4,0.5,estavel,1.3235,0.4317,"[2023, 2025]"
"ctx_fim_de_semana_Sim, ctx_tipo_pista_Simples => desfecho_AltaGravidade",3,4,0.75,estavel,1.3212,0.4317,"[2023, 2024, 2025]"
"ctx_condicao_metereologica_Céu_Claro, ctx_fase_dia_Anoitecer, ctx_uso_solo_Não => desfecho_AltaGravidade",2,4,0.5,estavel,1.3208,0.4306,"[2023, 2025]"
"ctx_condicao_metereologica_Céu_Claro, ctx_fase_dia_Plena_Noite, ctx_fim_de_semana_Sim => desfecho_AltaGravidade",2,4,0.5,estavel,1.3183,0.4209,"[2023, 2026]"
"ctx_condicao_metereologica_Nublado, ctx_tipo_pista_Simples, ctx_tracado_via_Reta => desfecho_AltaGravidade",2,4,0.5,estavel,1.3112,0.4232,"[2025, 2026]"
"ctx_causa_acidente_Ausência_de_reação_do_condutor, ctx_tipo_acidente_Colisão_traseira, ctx_uso_solo_Não => desfecho_AltaGravidade",2,4,0.5,estavel,1.3072,0.4203,"[2024, 2026]"
"ctx_fase_dia_Plena_Noite, ctx_tipo_acidente_Colisão_transversal => desfecho_AltaGravidade",2,4,0.5,estavel,1.3054,0.4292,"[2024, 2025]"
"ctx_causa_acidente_Velocidade_Incompatível, ctx_condicao_metereologica_Nublado, ctx_fim_de_semana_Não => desfecho_AltaGravidade",2,4,0.5,estavel,1.3051,0.4258,"[2023, 2025]"
"ctx_fase_dia_Anoitecer, ctx_tipo_pista_Simples => desfecho_AltaGravidade",3,4,0.75,estavel,1.303,0.4202,"[2023, 2025, 2026]"
"ctx_tipo_pista_Simples, ctx_tracado_via_Declive;Curva => desfecho_AltaGravidade",2,4,0.5,estavel,1.3025,0.4191,"[2024, 2026]"
"ctx_causa_acidente_Velocidade_Incompatível, ctx_tipo_pista_Simples => desfecho_AltaGravidade",2,4,0.5,estavel,1.3011,0.4245,"[2023, 2025]"
"ctx_condicao_metereologica_Céu_Claro, ctx_fase_dia_Plena_Noite => desfecho_AltaGravidade",2,4,0.5,estavel,1.2977,0.4231,"[2023, 2025]"
"ctx_condicao_metereologica_Céu_Claro, ctx_fase_dia_Plena_Noite, ctx_fim_de_semana_Não => desfecho_AltaGravidade",2,4,0.5,estavel,1.2952,0.4258,"[2024, 2025]"
"ctx_tipo_pista_Simples, ctx_tracado_via_Reta, ctx_uso_solo_Não => desfecho_AltaGravidade",4,4,1.0,estavel,1.2888,0.4175,"[2023, 2024, 2025, 2026]"
"ctx_condicao_metereologica_Céu_Claro, ctx_tipo_pista_Simples, ctx_uso_solo_Não => desfecho_AltaGravidade",4,4,1.0,estavel,1.2856,0.4166,"[2023, 2024, 2025, 2026]"
"ctx_tipo_pista_Dupla, ctx_tracado_via_Aclive;Reta => desfecho_AltaGravidade",2,4,0.5,estavel,1.2851,0.4225,"[2024, 2025]"
"ctx_condicao_metereologica_Nublado, ctx_fase_dia_Plena_Noite, ctx_uso_solo_Não => desfecho_AltaGravidade",2,4,0.5,estavel,1.2817,0.4123,"[2024, 2026]"
"ctx_condicao_metereologica_Céu_Claro, ctx_fase_dia_Plena_Noite, ctx_uso_solo_Sim => desfecho_AltaGravidade",2,4,0.5,estavel,1.2815,0.4168,"[2023, 2024]"
"ctx_causa_acidente_Ausência_de_reação_do_condutor, ctx_fase_dia_Plena_Noite => desfecho_AltaGravidade",2,4,0.5,estavel,1.2783,0.4079,"[2023, 2026]"
"ctx_condicao_metereologica_Céu_Claro, ctx_fase_dia_Plena_Noite, ctx_tracado_via_Reta => desfecho_AltaGravidade",2,4,0.5,estavel,1.2772,0.4154,"[2023, 2024]"
"ctx_tipo_pista_Simples, ctx_tracado_via_Curva, ctx_uso_solo_Não => desfecho_AltaGravidade",2,4,0.5,estavel,1.2765,0.4163,"[2023, 2025]"
"ctx_condicao_metereologica_Sol, ctx_tipo_pista_Simples => desfecho_AltaGravidade",2,4,0.5,estavel,1.2641,0.4121,"[2023, 2025]"
"ctx_tipo_pista_Simples, ctx_tracado_via_Reta => desfecho_AltaGravidade",2,4,0.5,estavel,1.2571,0.4099,"[2023, 2025]"
"ctx_causa_acidente_Velocidade_Incompatível, ctx_condicao_metereologica_Céu_Claro, ctx_uso_solo_Não => desfecho_AltaGravidade",2,4,0.5,estavel,1.2559,0.404,"[2024, 2026]"
"ctx_tipo_pista_Simples, ctx_uso_solo_Não => desfecho_AltaGravidade",3,4,0.75,estavel,1.2551,0.4101,"[2023, 2024, 2025]"
"ctx_condicao_metereologica_Céu_Claro, ctx_tipo_pista_Simples => desfecho_AltaGravidade",3,4,0.75,estavel,1.2396,0.405,"[2023, 2024, 2025]"
"ctx_causa_acidente_Condutor_Dormindo, ctx_condicao_metereologica_Céu_Claro, ctx_uso_solo_Não => desfecho_AltaGravidade",2,4,0.5,estavel,1.2295,0.4,"[2023, 2024]"
"ctx_causa_acidente_Transitar_na_contramão, ctx_tipo_acidente_Colisão_frontal, ctx_tracado_via_Curva => desfecho_AltaGravidade",1,4,0.25,transitoria,2.8584,0.9375,[2024]
"ctx_causa_acidente_Pedestre_andava_na_pista, ctx_fim_de_semana_Não => desfecho_AltaGravidade",1,4,0.25,transitoria,2.6902,0.8824,[2024]
"ctx_fase_dia_Plena_Noite, ctx_fim_de_semana_Sim, ctx_tipo_acidente_Colisão_frontal => desfecho_AltaGravidade",1,4,0.25,transitoria,2.643,0.8529,[2023]
"ctx_causa_acidente_Transitar_na_contramão, ctx_tipo_acidente_Colisão_frontal, ctx_tracado_via_Reta => desfecho_AltaGravidade",1,4,0.25,transitoria,2.622,0.8462,[2023]
ctx_causa_acidente_Entrada_inopinada_do_pedestre => desfecho_AltaGravidade,1,4,0.25,transitoria,2.6173,0.8261,[2026]
"ctx_condicao_metereologica_Chuva, ctx_tipo_acidente_Colisão_frontal, ctx_tracado_via_Curva => desfecho_AltaGravidade",1,4,0.25,transitoria,2.6134,0.8571,[2024]
"ctx_causa_acidente_Pedestre_andava_na_pista, ctx_tipo_acidente_Atropelamento_de_Pedestre, ctx_uso_solo_Não => desfecho_AltaGravidade",1,4,0.25,transitoria,2.5795,0.85,[2025]
"ctx_condicao_metereologica_Céu_Claro, ctx_tipo_acidente_Atropelamento_de_Pedestre, ctx_uso_solo_Não => desfecho_AltaGravidade",1,4,0.25,transitoria,2.5675,0.8286,[2023]
"ctx_condicao_metereologica_Céu_Claro, ctx_fim_de_semana_Sim, ctx_tipo_acidente_Atropelamento_de_Pedestre => desfecho_AltaGravidade",1,4,0.25,transitoria,2.5346,0.8,[2026]
"ctx_fim_de_semana_Sim, ctx_tipo_acidente_Atropelamento_de_Pedestre, ctx_tracado_via_Reta => desfecho_AltaGravidade",1,4,0.25,transitoria,2.5289,0.8333,[2025]
"ctx_condicao_metereologica_Nublado, ctx_tipo_acidente_Colisão_frontal, ctx_tracado_via_Reta => desfecho_AltaGravidade",1,4,0.25,transitoria,2.5085,0.8095,[2023]
"ctx_fase_dia_Plena_Noite, ctx_tipo_acidente_Colisão_frontal, ctx_tracado_via_Reta => desfecho_AltaGravidade",1,4,0.25,transitoria,2.4962,0.8056,[2023]
"ctx_condicao_metereologica_Céu_Claro, ctx_tipo_acidente_Atropelamento_de_Pedestre, ctx_tracado_via_Reta => desfecho_AltaGravidade",1,4,0.25,transitoria,2.4962,0.8056,[2023]
"ctx_fase_dia_Plena_Noite, ctx_fim_de_semana_Não, ctx_tipo_acidente_Colisão_frontal => desfecho_AltaGravidade",1,4,0.25,transitoria,2.4946,0.8182,[2024]
"ctx_condicao_metereologica_Céu_Claro, ctx_tipo_acidente_Atropelamento_de_Pedestre, ctx_tipo_pista_Dupla => desfecho_AltaGravidade",1,4,0.25,transitoria,2.479,0.8,[2023]
"ctx_causa_acidente_Transitar_na_contramão, ctx_tipo_acidente_Colisão_frontal, ctx_tipo_pista_Simples => desfecho_AltaGravidade",1,4,0.25,transitoria,2.4701,0.814,[2025]
"ctx_causa_acidente_Pedestre_andava_na_pista, ctx_fim_de_semana_Não, ctx_tipo_acidente_Atropelamento_de_Pedestre => desfecho_AltaGravidade",1,4,0.25,transitoria,2.4567,0.8095,[2025]
"ctx_causa_acidente_Transitar_na_contramão, ctx_tipo_pista_Simples, ctx_tracado_via_Reta => desfecho_AltaGravidade",1,4,0.25,transitoria,2.4441,0.7714,[2026]
"ctx_fim_de_semana_Não, ctx_tipo_acidente_Colisão_frontal, ctx_tracado_via_Reta => desfecho_AltaGravidade",1,4,0.25,transitoria,2.4287,0.7838,[2023]
"ctx_causa_acidente_Transitar_na_contramão, ctx_fase_dia_Pleno_dia, ctx_tipo_acidente_Colisão_frontal => desfecho_AltaGravidade",1,4,0.25,transitoria,2.4278,0.8,[2025]
"ctx_causa_acidente_Pedestre_andava_na_pista, ctx_tipo_acidente_Atropelamento_de_Pedestre => desfecho_AltaGravidade",1,4,0.25,transitoria,2.4278,0.8,[2025]
"ctx_condicao_metereologica_Nublado, ctx_tipo_acidente_Colisão_frontal, ctx_uso_solo_Não => desfecho_AltaGravidade",1,4,0.25,transitoria,2.3836,0.7692,[2023]
"ctx_condicao_metereologica_Chuva, ctx_tipo_acidente_Colisão_frontal, ctx_uso_solo_Não => desfecho_AltaGravidade",1,4,0.25,transitoria,2.3782,0.78,[2024]
"ctx_causa_acidente_Velocidade_Incompatível, ctx_tipo_acidente_Colisão_frontal => desfecho_AltaGravidade",1,4,0.25,transitoria,2.3762,0.75,[2026]
"ctx_fase_dia_Plena_Noite, ctx_fim_de_semana_Sim, ctx_tipo_acidente_Atropelamento_de_Pedestre => desfecho_AltaGravidade",1,4,0.25,transitoria,2.375,0.7826,[2025]
"ctx_causa_acidente_Transitar_na_contramão, ctx_fim_de_semana_Sim, ctx_uso_solo_Não => desfecho_AltaGravidade",1,4,0.25,transitoria,2.355,0.76,[2023]
"ctx_condicao_metereologica_Nublado, ctx_tipo_acidente_Colisão_frontal => desfecho_AltaGravidade",1,4,0.25,transitoria,2.3475,0.7576,[2023]
"ctx_condicao_metereologica_Chuva, ctx_tipo_acidente_Colisão_frontal => desfecho_AltaGravidade",1,4,0.25,transitoria,2.3453,0.7692,[2024]
"ctx_causa_acidente_Transitar_na_contramão, ctx_tracado_via_Reta, ctx_uso_solo_Não => desfecho_AltaGravidade",1,4,0.25,transitoria,2.324,0.75,[2023]
"ctx_tipo_acidente_Atropelamento_de_Pedestre, ctx_tracado_via_Reta, ctx_uso_solo_Sim => desfecho_AltaGravidade",1,4,0.25,transitoria,2.324,0.75,[2023]
"ctx_tipo_acidente_Atropelamento_de_Pedestre, ctx_tipo_pista_Dupla, ctx_uso_solo_Sim => desfecho_AltaGravidade",1,4,0.25,transitoria,2.324,0.75,[2023]
"ctx_condicao_metereologica_Nublado, ctx_tipo_acidente_Atropelamento_de_Pedestre => desfecho_AltaGravidade",1,4,0.25,transitoria,2.3042,0.7273,[2026]
"ctx_condicao_metereologica_Céu_Claro, ctx_tipo_acidente_Colisão_frontal, ctx_tracado_via_Reta => desfecho_AltaGravidade",1,4,0.25,transitoria,2.2649,0.7429,[2024]
"ctx_causa_acidente_Transitar_na_contramão, ctx_fim_de_semana_Não, ctx_uso_solo_Não => desfecho_AltaGravidade",1,4,0.25,transitoria,2.2512,0.7105,[2026]
"ctx_fase_dia_Pleno_dia, ctx_tipo_acidente_Colisão_frontal, ctx_tipo_pista_Simples => desfecho_AltaGravidade",1,4,0.25,transitoria,2.2442,0.7083,[2026]
"ctx_causa_acidente_Transitar_na_contramão, ctx_tipo_pista_Simples, ctx_uso_solo_Não => desfecho_AltaGravidade",1,4,0.25,transitoria,2.2218,0.7321,[2025]
"ctx_condicao_metereologica_Céu_Claro, ctx_fim_de_semana_Não, ctx_tipo_acidente_Atropelamento_de_Pedestre => desfecho_AltaGravidade",1,4,0.25,transitoria,2.207,0.7273,[2025]
"ctx_fase_dia_Pleno_dia, ctx_tipo_acidente_Atropelamento_de_Pedestre, ctx_tipo_pista_Dupla => desfecho_AltaGravidade",1,4,0.25,transitoria,2.1597,0.7083,[2024]
"ctx_fim_de_semana_Não, ctx_tipo_acidente_Atropelamento_de_Pedestre => desfecho_AltaGravidade",1,4,0.25,transitoria,2.1455,0.7037,[2024]
"ctx_fase_dia_Pleno_dia, ctx_tipo_acidente_Colisão_frontal, ctx_tracado_via_Reta => desfecho_AltaGravidade",1,4,0.25,transitoria,2.1421,0.7059,[2025]
"ctx_causa_acidente_Transitar_na_contramão, ctx_condicao_metereologica_Céu_Claro, ctx_uso_solo_Não => desfecho_AltaGravidade",1,4,0.25,transitoria,2.1304,0.6875,[2023]
"ctx_causa_acidente_Ultrapassagem_Indevida, ctx_tipo_pista_Simples, ctx_tracado_via_Reta => desfecho_AltaGravidade",1,4,0.25,transitoria,2.0716,0.6538,[2026]
"ctx_fase_dia_Plena_Noite, ctx_tracado_via_Aclive;Reta => desfecho_AltaGravidade",1,4,0.25,transitoria,2.0716,0.6538,[2026]
"ctx_causa_acidente_Ultrapassagem_Indevida, ctx_fase_dia_Pleno_dia => desfecho_AltaGravidade",1,4,0.25,transitoria,2.0658,0.6667,[2023]
"ctx_causa_acidente_Transitar_na_contramão, ctx_tracado_via_Curva => desfecho_AltaGravidade",1,4,0.25,transitoria,2.0326,0.6667,[2024]
"ctx_causa_acidente_Ultrapassagem_Indevida, ctx_condicao_metereologica_Céu_Claro => desfecho_AltaGravidade",1,4,0.25,transitoria,2.0302,0.6552,[2023]
"ctx_causa_acidente_Acessar_a_via_sem_observar_a_presença_dos_outros_veículos, ctx_tracado_via_Reta, ctx_uso_solo_Não => desfecho_AltaGravidade",1,4,0.25,transitoria,2.0092,0.6341,[2026]
"ctx_causa_acidente_Acessar_a_via_sem_observar_a_presença_dos_outros_veículos, ctx_condicao_metereologica_Céu_Claro, ctx_fim_de_semana_Sim => desfecho_AltaGravidade",1,4,0.25,transitoria,2.0051,0.6471,[2023]
"ctx_causa_acidente_Transitar_na_contramão, ctx_condicao_metereologica_Céu_Claro, ctx_tipo_pista_Simples => desfecho_AltaGravidade",1,4,0.25,transitoria,1.9853,0.6512,[2024]
ctx_causa_acidente_Pedestre_cruzava_a_pista_fora_da_faixa => desfecho_AltaGravidade,1,4,0.25,transitoria,1.9832,0.64,[2023]
"ctx_fase_dia_Plena_Noite, ctx_tracado_via_Declive;Reta, ctx_uso_solo_Não => desfecho_AltaGravidade",1,4,0.25,transitoria,1.9802,0.625,[2026]
"ctx_causa_acidente_Ultrapassagem_Indevida, ctx_tracado_via_Reta => desfecho_AltaGravidade",1,4,0.25,transitoria,1.9236,0.6071,[2026]
"ctx_causa_acidente_Velocidade_Incompatível, ctx_condicao_metereologica_Nublado, ctx_tipo_acidente_Tombamento => desfecho_AltaGravidade",1,4,0.25,transitoria,1.8967,0.625,[2025]
"ctx_causa_acidente_Ultrapassagem_Indevida, ctx_condicao_metereologica_Céu_Claro, ctx_uso_solo_Não => desfecho_AltaGravidade",1,4,0.25,transitoria,1.8924,0.6207,[2024]
"ctx_causa_acidente_Conversão_proibida, ctx_tipo_pista_Simples => desfecho_AltaGravidade",1,4,0.25,transitoria,1.8786,0.619,[2025]
ctx_causa_acidente_Conversão_proibida => desfecho_AltaGravidade,1,4,0.25,transitoria,1.8349,0.6047,[2025]
"ctx_condicao_metereologica_Céu_Claro, ctx_fase_dia_Amanhecer, ctx_tipo_pista_Simples => desfecho_AltaGravidade",1,4,0.25,transitoria,1.8129,0.5946,[2024]
"ctx_causa_acidente_Velocidade_Incompatível, ctx_fase_dia_Plena_Noite, ctx_tracado_via_Curva => desfecho_AltaGravidade",1,4,0.25,transitoria,1.7983,0.5926,[2025]
"ctx_condicao_metereologica_Céu_Claro, ctx_tipo_pista_Simples, ctx_tracado_via_Curva;Declive => desfecho_AltaGravidade",1,4,0.25,transitoria,1.7983,0.5926,[2025]
"ctx_causa_acidente_Ausência_de_reação_do_condutor, ctx_tipo_pista_Simples, ctx_tracado_via_Curva => desfecho_AltaGravidade",1,4,0.25,transitoria,1.7707,0.5714,[2023]
"ctx_fim_de_semana_Não, ctx_tipo_pista_Simples, ctx_tracado_via_Declive;Reta => desfecho_AltaGravidade",1,4,0.25,transitoria,1.7705,0.5588,[2026]
"ctx_fim_de_semana_Não, ctx_tracado_via_Declive;Reta, ctx_uso_solo_Não => desfecho_AltaGravidade",1,4,0.25,transitoria,1.7669,0.5577,[2026]
"ctx_condicao_metereologica_Céu_Claro, ctx_fim_de_semana_Não, ctx_tracado_via_Curva;Declive => desfecho_AltaGravidade",1,4,0.25,transitoria,1.7508,0.5769,[2025]
"ctx_condicao_metereologica_Céu_Claro, ctx_fim_de_semana_Não, ctx_tracado_via_Declive;Curva => desfecho_AltaGravidade",1,4,0.25,transitoria,1.748,0.5517,[2026]
"ctx_causa_acidente_Ultrapassagem_Indevida, ctx_tipo_pista_Simples, ctx_uso_solo_Não => desfecho_AltaGravidade",1,4,0.25,transitoria,1.7074,0.56,[2024]
"ctx_causa_acidente_Ultrapassagem_Indevida, ctx_fim_de_semana_Não, ctx_tipo_pista_Simples => desfecho_AltaGravidade",1,4,0.25,transitoria,1.7001,0.5366,[2026]
"ctx_condicao_metereologica_Céu_Claro, ctx_fase_dia_Amanhecer, ctx_fim_de_semana_Não => desfecho_AltaGravidade",1,4,0.25,transitoria,1.6866,0.5532,[2024]
"ctx_condicao_metereologica_Céu_Claro, ctx_tipo_pista_Simples, ctx_tracado_via_Reta;Declive => desfecho_AltaGravidade",1,4,0.25,transitoria,1.6859,0.5556,[2025]
"ctx_fase_dia_Plena_Noite, ctx_fim_de_semana_Não, ctx_tracado_via_Reta;Declive => desfecho_AltaGravidade",1,4,0.25,transitoria,1.6743,0.5517,[2025]
"ctx_causa_acidente_Ultrapassagem_Indevida, ctx_uso_solo_Não => desfecho_AltaGravidade",1,4,0.25,transitoria,1.6739,0.549,[2024]
"ctx_causa_acidente_Acessar_a_via_sem_observar_a_presença_dos_outros_veículos, ctx_tipo_acidente_Colisão_transversal, ctx_uso_solo_Não => desfecho_AltaGravidade",1,4,0.25,transitoria,1.6433,0.5303,[2023]
"ctx_causa_acidente_Acessar_a_via_sem_observar_a_presença_dos_outros_veículos, ctx_condicao_metereologica_Céu_Claro, ctx_uso_solo_Não => desfecho_AltaGravidade",1,4,0.25,transitoria,1.6388,0.5172,[2026]
"ctx_fase_dia_Plena_Noite, ctx_tracado_via_Declive;Reta => desfecho_AltaGravidade",1,4,0.25,transitoria,1.6322,0.5152,[2026]
"ctx_causa_acidente_Acessar_a_via_sem_observar_a_presença_dos_outros_veículos, ctx_fim_de_semana_Sim, ctx_tipo_acidente_Colisão_transversal => desfecho_AltaGravidade",1,4,0.25,transitoria,1.6294,0.5143,[2026]
"ctx_tracado_via_Declive;Reta, ctx_uso_solo_Não => desfecho_AltaGravidade",1,4,0.25,transitoria,1.6248,0.5128,[2026]
"ctx_causa_acidente_Acessar_a_via_sem_observar_a_presença_dos_outros_veículos, ctx_tipo_pista_Simples, ctx_uso_solo_Não => desfecho_AltaGravidade",1,4,0.25,transitoria,1.6167,0.5217,[2023]
"ctx_causa_acidente_Ausência_de_reação_do_condutor, ctx_fase_dia_Pleno_dia, ctx_tipo_pista_Simples => desfecho_AltaGravidade",1,4,0.25,transitoria,1.6066,0.5294,[2025]
"ctx_causa_acidente_Velocidade_Incompatível, ctx_tipo_pista_Simples, ctx_tracado_via_Reta => desfecho_AltaGravidade",1,4,0.25,transitoria,1.6028,0.5172,[2023]
"ctx_causa_acidente_Condutor_Dormindo, ctx_condicao_metereologica_Céu_Claro, ctx_tipo_pista_Simples => desfecho_AltaGravidade",1,4,0.25,transitoria,1.6028,0.5172,[2023]
"ctx_causa_acidente_Ausência_de_reação_do_condutor, ctx_fim_de_semana_Não, ctx_tracado_via_Curva => desfecho_AltaGravidade",1,4,0.25,transitoria,1.5963,0.5152,[2023]
"ctx_causa_acidente_Ausência_de_reação_do_condutor, ctx_condicao_metereologica_Céu_Claro, ctx_tracado_via_Curva => desfecho_AltaGravidade",1,4,0.25,transitoria,1.5936,0.5143,[2023]
"ctx_causa_acidente_Ausência_de_reação_do_condutor, ctx_tracado_via_Curva, ctx_uso_solo_Não => desfecho_AltaGravidade",1,4,0.25,transitoria,1.5891,0.5128,[2023]
"ctx_causa_acidente_Ausência_de_reação_do_condutor, ctx_tracado_via_Curva => desfecho_AltaGravidade",1,4,0.25,transitoria,1.581,0.5102,[2023]
"ctx_fase_dia_Pleno_dia, ctx_fim_de_semana_Sim, ctx_tipo_acidente_Colisão_transversal => desfecho_AltaGravidade",1,4,0.25,transitoria,1.5786,0.5094,[2023]
"ctx_causa_acidente_Ultrapassagem_Indevida, ctx_condicao_metereologica_Céu_Claro, ctx_fim_de_semana_Não => desfecho_AltaGravidade",1,4,0.25,transitoria,1.577,0.5172,[2024]
ctx_causa_acidente_Trafegar_com_motocicleta_(ou_similar)_entre_as_faixas => desfecho_AltaGravidade,1,4,0.25,transitoria,1.5697,0.5172,[2025]
"ctx_causa_acidente_Velocidade_Incompatível, ctx_tipo_acidente_Tombamento, ctx_tipo_pista_Simples => desfecho_AltaGravidade",1,4,0.25,transitoria,1.5526,0.5116,[2025]
"ctx_fim_de_semana_Não, ctx_tipo_pista_Simples, ctx_tracado_via_Curva;Declive => desfecho_AltaGravidade",1,4,0.25,transitoria,1.5511,0.5111,[2025]
"ctx_causa_acidente_Velocidade_Incompatível, ctx_tipo_acidente_Saída_de_leito_carroçável, ctx_tipo_pista_Simples => desfecho_AltaGravidade",1,4,0.25,transitoria,1.5494,0.5,[2023]
"ctx_fim_de_semana_Não, ctx_tracado_via_Declive;Reta => desfecho_AltaGravidade",1,4,0.25,transitoria,1.5413,0.4865,[2026]
"ctx_fim_de_semana_Sim, ctx_tracado_via_Curva;Declive, ctx_uso_solo_Não => desfecho_AltaGravidade",1,4,0.25,transitoria,1.5245,0.5,[2024]
"ctx_condicao_metereologica_Chuva, ctx_tipo_pista_Simples, ctx_tracado_via_Reta => desfecho_AltaGravidade",1,4,0.25,transitoria,1.519,0.4902,[2023]
"ctx_causa_acidente_Velocidade_Incompatível, ctx_condicao_metereologica_Céu_Claro, ctx_tipo_pista_Simples => desfecho_AltaGravidade",1,4,0.25,transitoria,1.5181,0.4792,[2026]
"ctx_condicao_metereologica_Céu_Claro, ctx_tracado_via_Declive;Curva => desfecho_AltaGravidade",1,4,0.25,transitoria,1.5181,0.4792,[2026]
"ctx_causa_acidente_Acessar_a_via_sem_observar_a_presença_dos_outros_veículos, ctx_fase_dia_Plena_Noite, ctx_fim_de_semana_Não => desfecho_AltaGravidade",1,4,0.25,transitoria,1.5173,0.5,[2025]
"ctx_fim_de_semana_Não, ctx_tipo_pista_Simples, ctx_tracado_via_Declive;Curva => desfecho_AltaGravidade",1,4,0.25,transitoria,1.5008,0.4737,[2026]
"ctx_causa_acidente_Acessar_a_via_sem_observar_a_presença_dos_outros_veículos, ctx_condicao_metereologica_Nublado => desfecho_AltaGravidade",1,4,0.25,transitoria,1.4961,0.4722,[2026]
"ctx_fase_dia_Amanhecer, ctx_tracado_via_Reta, ctx_uso_solo_Não => desfecho_AltaGravidade",1,4,0.25,transitoria,1.4961,0.4722,[2026]
"ctx_causa_acidente_Reação_tardia_ou_ineficiente_do_condutor, ctx_fase_dia_Pleno_dia, ctx_fim_de_semana_Sim => desfecho_AltaGravidade",1,4,0.25,transitoria,1.4946,0.4902,[2024]
"ctx_causa_acidente_Ausência_de_reação_do_condutor, ctx_condicao_metereologica_Céu_Claro, ctx_fase_dia_Plena_Noite => desfecho_AltaGravidade",1,4,0.25,transitoria,1.491,0.4706,[2026]
"ctx_causa_acidente_Ausência_de_reação_do_condutor, ctx_fim_de_semana_Não, ctx_tipo_pista_Simples => desfecho_AltaGravidade",1,4,0.25,transitoria,1.4892,0.4907,[2025]
"ctx_condicao_metereologica_Céu_Claro, ctx_fase_dia_Pleno_dia, ctx_tracado_via_Declive;Reta => desfecho_AltaGravidade",1,4,0.25,transitoria,1.4851,0.4688,[2026]
"ctx_causa_acidente_Velocidade_Incompatível, ctx_tracado_via_Declive;Curva => desfecho_AltaGravidade",1,4,0.25,transitoria,1.4851,0.4688,[2026]
"ctx_causa_acidente_Acessar_a_via_sem_observar_a_presença_dos_outros_veículos, ctx_fase_dia_Plena_Noite, ctx_uso_solo_Não => desfecho_AltaGravidade",1,4,0.25,transitoria,1.4809,0.4857,[2024]
"ctx_tipo_acidente_Colisão_transversal, ctx_tipo_pista_Simples, ctx_tracado_via_Reta => desfecho_AltaGravidade",1,4,0.25,transitoria,1.4738,0.4756,[2023]
"ctx_causa_acidente_Velocidade_Incompatível, ctx_tipo_pista_Simples, ctx_tracado_via_Curva => desfecho_AltaGravidade",1,4,0.25,transitoria,1.4714,0.4848,[2025]
"ctx_causa_acidente_Chuva, ctx_condicao_metereologica_Chuva, ctx_tipo_pista_Simples => desfecho_AltaGravidade",1,4,0.25,transitoria,1.4714,0.4848,[2025]
"ctx_causa_acidente_Velocidade_Incompatível, ctx_tipo_acidente_Tombamento, ctx_tracado_via_Curva => desfecho_AltaGravidade",1,4,0.25,transitoria,1.4684,0.4839,[2025]
"ctx_causa_acidente_Chuva, ctx_tipo_pista_Simples, ctx_uso_solo_Não => desfecho_AltaGravidade",1,4,0.25,transitoria,1.4684,0.4839,[2025]
"ctx_causa_acidente_Condutor_Dormindo, ctx_fim_de_semana_Não, ctx_tipo_pista_Simples => desfecho_AltaGravidade",1,4,0.25,transitoria,1.4633,0.4722,[2023]
"ctx_causa_acidente_Ausência_de_reação_do_condutor, ctx_tipo_pista_Simples, ctx_uso_solo_Não => desfecho_AltaGravidade",1,4,0.25,transitoria,1.4603,0.4812,[2025]
"ctx_condicao_metereologica_Chuva, ctx_fim_de_semana_Sim, ctx_tipo_pista_Simples => desfecho_AltaGravidade",1,4,0.25,transitoria,1.4567,0.48,[2025]
"ctx_causa_acidente_Ausência_de_reação_do_condutor, ctx_fase_dia_Plena_Noite, ctx_tipo_acidente_Colisão_traseira => desfecho_AltaGravidade",1,4,0.25,transitoria,1.4484,0.4571,[2026]
"ctx_fase_dia_Amanhecer, ctx_fim_de_semana_Não => desfecho_AltaGravidade",1,4,0.25,transitoria,1.4463,0.4744,[2024]
"ctx_condicao_metereologica_Céu_Claro, ctx_tracado_via_Declive;Reta, ctx_uso_solo_Não => desfecho_AltaGravidade",1,4,0.25,transitoria,1.4442,0.4737,[2024]
"ctx_fim_de_semana_Sim, ctx_tipo_pista_Simples, ctx_tracado_via_Curva => desfecho_AltaGravidade",1,4,0.25,transitoria,1.4422,0.4752,[2025]
"ctx_causa_acidente_Ausência_de_reação_do_condutor, ctx_tipo_pista_Simples, ctx_tracado_via_Reta => desfecho_AltaGravidade",1,4,0.25,transitoria,1.4415,0.475,[2025]
"ctx_causa_acidente_Ausência_de_reação_do_condutor, ctx_tipo_acidente_Colisão_traseira, ctx_tipo_pista_Simples => desfecho_AltaGravidade",1,4,0.25,transitoria,1.4401,0.4545,[2026]
"ctx_causa_acidente_Acessar_a_via_sem_observar_a_presença_dos_outros_veículos, ctx_fase_dia_Plena_Noite, ctx_tipo_acidente_Colisão_transversal => desfecho_AltaGravidade",1,4,0.25,transitoria,1.4401,0.4545,[2026]
"ctx_causa_acidente_Velocidade_Incompatível, ctx_condicao_metereologica_Céu_Claro, ctx_tracado_via_Curva => desfecho_AltaGravidade",1,4,0.25,transitoria,1.4398,0.4722,[2024]
ctx_tracado_via_Declive;Reta => desfecho_AltaGravidade,1,4,0.25,transitoria,1.4375,0.4537,[2026]
"ctx_fim_de_semana_Não, ctx_tipo_acidente_Colisão_lateral_sentido_oposto, ctx_tipo_pista_Simples => desfecho_AltaGravidade",1,4,0.25,transitoria,1.436,0.4634,[2023]
"ctx_causa_acidente_Velocidade_Incompatível, ctx_fim_de_semana_Não, ctx_tipo_acidente_Tombamento => desfecho_AltaGravidade",1,4,0.25,transitoria,1.4281,0.4706,[2025]
"ctx_causa_acidente_Acessar_a_via_sem_observar_a_presença_dos_outros_veículos, ctx_tipo_acidente_Colisão_transversal, ctx_tipo_pista_Simples => desfecho_AltaGravidade",1,4,0.25,transitoria,1.4278,0.4608,[2023]
"ctx_condicao_metereologica_Nublado, ctx_tipo_acidente_Tombamento, ctx_tipo_pista_Simples => desfecho_AltaGravidade",1,4,0.25,transitoria,1.4225,0.4688,[2025]
"ctx_causa_acidente_Ausência_de_reação_do_condutor, ctx_fase_dia_Plena_Noite, ctx_uso_solo_Não => desfecho_AltaGravidade",1,4,0.25,transitoria,1.4225,0.449,[2026]
"ctx_fase_dia_Anoitecer, ctx_fim_de_semana_Não, ctx_tipo_pista_Simples => desfecho_AltaGravidade",1,4,0.25,transitoria,1.4225,0.449,[2026]
"ctx_tipo_acidente_Colisão_transversal, ctx_tipo_pista_Dupla => desfecho_AltaGravidade",1,4,0.25,transitoria,1.4174,0.4474,[2026]
"ctx_condicao_metereologica_Sol, ctx_tracado_via_Reta, ctx_uso_solo_Não => desfecho_AltaGravidade",1,4,0.25,transitoria,1.4166,0.4571,[2023]
"ctx_causa_acidente_Acessar_a_via_sem_observar_a_presença_dos_outros_veículos, ctx_tipo_pista_Simples => desfecho_AltaGravidade",1,4,0.25,transitoria,1.4158,0.4569,[2023]
"ctx_causa_acidente_Condutor_Dormindo, ctx_tipo_pista_Simples, ctx_uso_solo_Não => desfecho_AltaGravidade",1,4,0.25,transitoria,1.4146,0.4565,[2023]
ctx_fase_dia_Amanhecer => desfecho_AltaGravidade,1,4,0.25,transitoria,1.4111,0.4628,[2024]
"ctx_tipo_pista_Simples, ctx_tracado_via_Reta;Declive, ctx_uso_solo_Não => desfecho_AltaGravidade",1,4,0.25,transitoria,1.4085,0.4545,[2023]
"ctx_causa_acidente_Acessar_a_via_sem_observar_a_presença_dos_outros_veículos, ctx_fase_dia_Plena_Noite, ctx_tipo_pista_Simples => desfecho_AltaGravidade",1,4,0.25,transitoria,1.4081,0.4444,[2026]
"ctx_tipo_pista_Simples, ctx_tracado_via_Curva;Declive => desfecho_AltaGravidade",1,4,0.25,transitoria,1.4074,0.4638,[2025]
"ctx_fim_de_semana_Não, ctx_tipo_acidente_Colisão_transversal, ctx_uso_solo_Não => desfecho_AltaGravidade",1,4,0.25,transitoria,1.4072,0.4615,[2024]
"ctx_causa_acidente_Velocidade_Incompatível, ctx_tipo_acidente_Tombamento, ctx_uso_solo_Não => desfecho_AltaGravidade",1,4,0.25,transitoria,1.4006,0.4615,[2025]
"ctx_causa_acidente_Ausência_de_reação_do_condutor, ctx_tipo_acidente_Saída_de_leito_carroçável, ctx_tipo_pista_Simples => desfecho_AltaGravidade",1,4,0.25,transitoria,1.4006,0.4615,[2025]
"ctx_condicao_metereologica_Céu_Claro, ctx_fim_de_semana_Não, ctx_tracado_via_Reta;Declive => desfecho_AltaGravidade",1,4,0.25,transitoria,1.4006,0.4615,[2025]
"ctx_causa_acidente_Velocidade_Incompatível, ctx_fim_de_semana_Não, ctx_tracado_via_Curva;Declive => desfecho_AltaGravidade",1,4,0.25,transitoria,1.3943,0.4595,[2025]
"ctx_fase_dia_Plena_Noite, ctx_tracado_via_Curva;Declive => desfecho_AltaGravidade",1,4,0.25,transitoria,1.3943,0.4595,[2025]
"ctx_condicao_metereologica_Sol, ctx_fim_de_semana_Sim, ctx_uso_solo_Não => desfecho_AltaGravidade",1,4,0.25,transitoria,1.3938,0.4571,[2024]
"ctx_causa_acidente_Chuva, ctx_tipo_pista_Simples => desfecho_AltaGravidade",1,4,0.25,transitoria,1.3873,0.4571,[2025]
"ctx_causa_acidente_Reação_tardia_ou_ineficiente_do_condutor, ctx_fase_dia_Plena_Noite, ctx_fim_de_semana_Sim => desfecho_AltaGravidade",1,4,0.25,transitoria,1.3863,0.4474,[2023]
"ctx_fim_de_semana_Não, ctx_tipo_acidente_Colisão_lateral_sentido_oposto, ctx_uso_solo_Não => desfecho_AltaGravidade",1,4,0.25,transitoria,1.3863,0.4474,[2023]
"ctx_fim_de_semana_Não, ctx_tipo_acidente_Colisão_com_objeto, ctx_tracado_via_Reta => desfecho_AltaGravidade",1,4,0.25,transitoria,1.3859,0.4545,[2024]
"ctx_causa_acidente_Acessar_a_via_sem_observar_a_presença_dos_outros_veículos, ctx_tipo_acidente_Colisão_transversal => desfecho_AltaGravidade",1,4,0.25,transitoria,1.3801,0.4454,[2023]
"ctx_condicao_metereologica_Nublado, ctx_fase_dia_Plena_Noite, ctx_tracado_via_Curva => desfecho_AltaGravidade",1,4,0.25,transitoria,1.3794,0.4545,[2025]
"ctx_fase_dia_Plena_Noite, ctx_fim_de_semana_Não, ctx_tipo_acidente_Colisão_transversal => desfecho_AltaGravidade",1,4,0.25,transitoria,1.3794,0.4545,[2025]
"ctx_condicao_metereologica_Chuva, ctx_tracado_via_Curva;Declive, ctx_uso_solo_Não => desfecho_AltaGravidade",1,4,0.25,transitoria,1.3794,0.4545,[2025]
"ctx_causa_acidente_Ingestão_de_álcool_pelo_condutor, ctx_tipo_pista_Simples, ctx_uso_solo_Não => desfecho_AltaGravidade",1,4,0.25,transitoria,1.3794,0.4545,[2025]
"ctx_causa_acidente_Velocidade_Incompatível, ctx_tipo_acidente_Tombamento => desfecho_AltaGravidade",1,4,0.25,transitoria,1.3757,0.4533,[2025]
"ctx_causa_acidente_Velocidade_Incompatível, ctx_condicao_metereologica_Céu_Claro, ctx_fim_de_semana_Sim => desfecho_AltaGravidade",1,4,0.25,transitoria,1.375,0.451,[2024]
"ctx_condicao_metereologica_Céu_Claro, ctx_tracado_via_Declive;Reta => desfecho_AltaGravidade",1,4,0.25,transitoria,1.375,0.451,[2024]
"ctx_fase_dia_Amanhecer, ctx_tipo_pista_Simples, ctx_uso_solo_Não => desfecho_AltaGravidade",1,4,0.25,transitoria,1.3749,0.434,[2026]
"ctx_causa_acidente_Ausência_de_reação_do_condutor, ctx_tipo_pista_Simples => desfecho_AltaGravidade",1,4,0.25,transitoria,1.3728,0.4524,[2025]
"ctx_causa_acidente_Velocidade_Incompatível, ctx_condicao_metereologica_Céu_Claro, ctx_tipo_pista_Dupla => desfecho_AltaGravidade",1,4,0.25,transitoria,1.372,0.45,[2024]
"ctx_fim_de_semana_Sim, ctx_tracado_via_Curva;Declive => desfecho_AltaGravidade",1,4,0.25,transitoria,1.372,0.45,[2024]
"ctx_condicao_metereologica_Chuva, ctx_fase_dia_Pleno_dia, ctx_tipo_pista_Simples => desfecho_AltaGravidade",1,4,0.25,transitoria,1.3706,0.4423,[2023]
"ctx_tipo_acidente_Colisão_traseira, ctx_tracado_via_Aclive;Reta => desfecho_AltaGravidade",1,4,0.25,transitoria,1.3701,0.4324,[2026]
"ctx_condicao_metereologica_Céu_Claro, ctx_tipo_acidente_Saída_de_leito_carroçável, ctx_tracado_via_Curva => desfecho_AltaGravidade",1,4,0.25,transitoria,1.3634,0.44,[2023]
"ctx_condicao_metereologica_Nublado, ctx_tipo_pista_Simples, ctx_uso_solo_Sim => desfecho_AltaGravidade",1,4,0.25,transitoria,1.3604,0.4483,[2025]
"ctx_tipo_acidente_Colisão_com_objeto, ctx_tipo_pista_Simples => desfecho_AltaGravidade",1,4,0.25,transitoria,1.3603,0.4462,[2024]
"ctx_causa_acidente_Reação_tardia_ou_ineficiente_do_condutor, ctx_fim_de_semana_Sim, ctx_uso_solo_Não => desfecho_AltaGravidade",1,4,0.25,transitoria,1.3592,0.4458,[2024]
"ctx_condicao_metereologica_Céu_Claro, ctx_fim_de_semana_Não, ctx_tracado_via_Aclive;Reta => desfecho_AltaGravidade",1,4,0.25,transitoria,1.3578,0.4286,[2026]
"ctx_condicao_metereologica_Céu_Claro, ctx_fase_dia_Plena_Noite, ctx_uso_solo_Não => desfecho_AltaGravidade",1,4,0.25,transitoria,1.3511,0.4452,[2025]
"ctx_condicao_metereologica_Céu_Claro, ctx_tipo_acidente_Colisão_transversal => desfecho_AltaGravidade",1,4,0.25,transitoria,1.3495,0.4259,[2026]
"ctx_causa_acidente_Velocidade_Incompatível, ctx_fase_dia_Pleno_dia, ctx_tracado_via_Curva;Declive => desfecho_AltaGravidade",1,4,0.25,transitoria,1.3488,0.4444,[2025]
ctx_causa_acidente_Acessar_a_via_sem_observar_a_presença_dos_outros_veículos => desfecho_AltaGravidade,1,4,0.25,transitoria,1.3481,0.4351,[2023]
"ctx_condicao_metereologica_Céu_Claro, ctx_tracado_via_Aclive;Reta, ctx_uso_solo_Não => desfecho_AltaGravidade",1,4,0.25,transitoria,1.3451,0.4412,[2024]
"ctx_condicao_metereologica_Chuva, ctx_fim_de_semana_Não, ctx_tipo_pista_Simples => desfecho_AltaGravidade",1,4,0.25,transitoria,1.3412,0.4328,[2023]
"ctx_causa_acidente_Velocidade_Incompatível, ctx_fim_de_semana_Não, ctx_tipo_pista_Simples => desfecho_AltaGravidade",1,4,0.25,transitoria,1.3404,0.4231,[2026]
"ctx_tipo_acidente_Queda_de_ocupante_de_veículo, ctx_tipo_pista_Simples, ctx_uso_solo_Não => desfecho_AltaGravidade",1,4,0.25,transitoria,1.3388,0.4412,[2025]
ctx_tracado_via_Aclive;Reta => desfecho_AltaGravidade,1,4,0.25,transitoria,1.3381,0.4318,[2023]
"ctx_causa_acidente_Condutor_Dormindo, ctx_tipo_pista_Simples => desfecho_AltaGravidade",1,4,0.25,transitoria,1.3367,0.4314,[2023]
"ctx_fim_de_semana_Não, ctx_tracado_via_Declive;Curva, ctx_uso_solo_Não => desfecho_AltaGravidade",1,4,0.25,transitoria,1.3366,0.4219,[2026]
"ctx_causa_acidente_Reação_tardia_ou_ineficiente_do_condutor, ctx_tipo_pista_Simples, ctx_uso_solo_Não => desfecho_AltaGravidade",1,4,0.25,transitoria,1.3355,0.438,[2024]
"ctx_fase_dia_Pleno_dia, ctx_fim_de_semana_Não, ctx_tracado_via_Curva;Declive => desfecho_AltaGravidade",1,4,0.25,transitoria,1.3353,0.44,[2025]
"ctx_fase_dia_Plena_Noite, ctx_tipo_acidente_Colisão_transversal, ctx_tipo_pista_Simples => desfecho_AltaGravidade",1,4,0.25,transitoria,1.334,0.4211,[2026]
"ctx_causa_acidente_Velocidade_Incompatível, ctx_condicao_metereologica_Nublado, ctx_uso_solo_Não => desfecho_AltaGravidade",1,4,0.25,transitoria,1.3334,0.4394,[2025]
"ctx_causa_acidente_Velocidade_Incompatível, ctx_tipo_acidente_Saída_de_leito_carroçável, ctx_tracado_via_Curva => desfecho_AltaGravidade",1,4,0.25,transitoria,1.3323,0.439,[2025]
"ctx_condicao_metereologica_Céu_Claro, ctx_tipo_acidente_Colisão_lateral_sentido_oposto, ctx_uso_solo_Não => desfecho_AltaGravidade",1,4,0.25,transitoria,1.3323,0.439,[2025]
"ctx_causa_acidente_Condutor_Dormindo, ctx_condicao_metereologica_Céu_Claro, ctx_fim_de_semana_Não => desfecho_AltaGravidade",1,4,0.25,transitoria,1.328,0.4286,[2023]
"ctx_causa_acidente_Velocidade_Incompatível, ctx_fase_dia_Plena_Noite, ctx_fim_de_semana_Não => desfecho_AltaGravidade",1,4,0.25,transitoria,1.328,0.4286,[2023]
"ctx_fase_dia_Plena_Noite, ctx_fim_de_semana_Sim, ctx_uso_solo_Não => desfecho_AltaGravidade",1,4,0.25,transitoria,1.3248,0.4365,[2025]
"ctx_causa_acidente_Acessar_a_via_sem_observar_a_presença_dos_outros_veículos, ctx_condicao_metereologica_Céu_Claro, ctx_tipo_pista_Simples => desfecho_AltaGravidade",1,4,0.25,transitoria,1.3239,0.4342,[2024]
"ctx_causa_acidente_Velocidade_Incompatível, ctx_fim_de_semana_Sim, ctx_uso_solo_Não => desfecho_AltaGravidade",1,4,0.25,transitoria,1.3231,0.434,[2024]
"ctx_causa_acidente_Velocidade_Incompatível, ctx_fase_dia_Pleno_dia, ctx_tipo_pista_Simples => desfecho_AltaGravidade",1,4,0.25,transitoria,1.3201,0.4167,[2026]
"ctx_causa_acidente_Ausência_de_reação_do_condutor, ctx_condicao_metereologica_Céu_Claro, ctx_tipo_pista_Simples => desfecho_AltaGravidade",1,4,0.25,transitoria,1.3201,0.4167,[2026]
"ctx_causa_acidente_Acessar_a_via_sem_observar_a_presença_dos_outros_veículos, ctx_fim_de_semana_Não, ctx_tipo_pista_Dupla => desfecho_AltaGravidade",1,4,0.25,transitoria,1.3201,0.4167,[2026]
"ctx_tracado_via_Aclive;Reta, ctx_uso_solo_Não => desfecho_AltaGravidade",1,4,0.25,transitoria,1.3152,0.4314,[2024]
"ctx_fase_dia_Plena_Noite, ctx_fim_de_semana_Sim, ctx_tracado_via_Curva => desfecho_AltaGravidade",1,4,0.25,transitoria,1.315,0.4333,[2025]
"ctx_fim_de_semana_Sim, ctx_tipo_pista_Simples, ctx_uso_solo_Sim => desfecho_AltaGravidade",1,4,0.25,transitoria,1.3136,0.4239,[2023]
"ctx_fase_dia_Plena_Noite, ctx_fim_de_semana_Não, ctx_tipo_acidente_Colisão_traseira => desfecho_AltaGravidade",1,4,0.25,transitoria,1.313,0.4237,[2023]
"ctx_causa_acidente_Ausência_de_reação_do_condutor, ctx_condicao_metereologica_Chuva, ctx_uso_solo_Não => desfecho_AltaGravidade",1,4,0.25,transitoria,1.3123,0.4324,[2025]
"ctx_fase_dia_Anoitecer, ctx_fim_de_semana_Não, ctx_uso_solo_Não => desfecho_AltaGravidade",1,4,0.25,transitoria,1.311,0.4231,[2023]
"ctx_condicao_metereologica_Chuva, ctx_tipo_pista_Simples => desfecho_AltaGravidade",1,4,0.25,transitoria,1.311,0.4231,[2023]
"ctx_condicao_metereologica_Céu_Claro, ctx_fase_dia_Anoitecer, ctx_tipo_pista_Simples => desfecho_AltaGravidade",1,4,0.25,transitoria,1.3104,0.4318,[2025]
"ctx_condicao_metereologica_Nublado, ctx_fim_de_semana_Sim, ctx_tracado_via_Reta => desfecho_AltaGravidade",1,4,0.25,transitoria,1.3091,0.4314,[2025]
"ctx_tipo_acidente_Colisão_transversal, ctx_tipo_pista_Simples, ctx_uso_solo_Não => desfecho_AltaGravidade",1,4,0.25,transitoria,1.3085,0.4312,[2025]
"ctx_condicao_metereologica_Chuva, ctx_tipo_pista_Simples, ctx_tracado_via_Curva => desfecho_AltaGravidade",1,4,0.25,transitoria,1.3067,0.4286,[2024]
"ctx_condicao_metereologica_Nublado, ctx_tipo_acidente_Colisão_transversal => desfecho_AltaGravidade",1,4,0.25,transitoria,1.3046,0.4118,[2026]
"ctx_condicao_metereologica_Sol, ctx_fim_de_semana_Não, ctx_tipo_pista_Simples => desfecho_AltaGravidade",1,4,0.25,transitoria,1.3024,0.4203,[2023]
"ctx_tipo_acidente_Tombamento, ctx_tipo_pista_Simples, ctx_tracado_via_Curva => desfecho_AltaGravidade",1,4,0.25,transitoria,1.3006,0.4286,[2025]
"ctx_condicao_metereologica_Céu_Claro, ctx_fim_de_semana_Sim, ctx_tracado_via_Curva => desfecho_AltaGravidade",1,4,0.25,transitoria,1.3006,0.4286,[2025]
"ctx_condicao_metereologica_Nublado, ctx_tipo_pista_Simples, ctx_tracado_via_Curva => desfecho_AltaGravidade",1,4,0.25,transitoria,1.3006,0.4286,[2025]
"ctx_fim_de_semana_Não, ctx_tracado_via_Declive;Curva => desfecho_AltaGravidade",1,4,0.25,transitoria,1.2998,0.4103,[2026]
"ctx_causa_acidente_Velocidade_Incompatível, ctx_fase_dia_Pleno_dia, ctx_tracado_via_Reta => desfecho_AltaGravidade",1,4,0.25,transitoria,1.2958,0.425,[2024]
"ctx_causa_acidente_Velocidade_Incompatível, ctx_condicao_metereologica_Nublado => desfecho_AltaGravidade",1,4,0.25,transitoria,1.2948,0.4267,[2025]
"ctx_fase_dia_Plena_Noite, ctx_fim_de_semana_Não, ctx_uso_solo_Sim => desfecho_AltaGravidade",1,4,0.25,transitoria,1.2947,0.4247,[2024]
"ctx_causa_acidente_Velocidade_Incompatível, ctx_fase_dia_Pleno_dia, ctx_fim_de_semana_Sim => desfecho_AltaGravidade",1,4,0.25,transitoria,1.2913,0.4235,[2024]
"ctx_fase_dia_Plena_Noite, ctx_fim_de_semana_Não, ctx_tracado_via_Reta => desfecho_AltaGravidade",1,4,0.25,transitoria,1.2911,0.4167,[2023]
"ctx_fim_de_semana_Não, ctx_tracado_via_Curva;Declive => desfecho_AltaGravidade",1,4,0.25,transitoria,1.2897,0.425,[2025]
"ctx_fase_dia_Plena_Noite, ctx_tracado_via_Reta, ctx_uso_solo_Sim => desfecho_AltaGravidade",1,4,0.25,transitoria,1.2886,0.4158,[2023]
"ctx_causa_acidente_Acessar_a_via_sem_observar_a_presença_dos_outros_veículos, ctx_condicao_metereologica_Céu_Claro, ctx_fim_de_semana_Não => desfecho_AltaGravidade",1,4,0.25,transitoria,1.2853,0.4235,[2025]
"ctx_fase_dia_Plena_Noite, ctx_tracado_via_Reta => desfecho_AltaGravidade",1,4,0.25,transitoria,1.2809,0.4134,[2023]
"ctx_condicao_metereologica_Céu_Claro, ctx_fim_de_semana_Não, ctx_tipo_acidente_Colisão_com_objeto => desfecho_AltaGravidade",1,4,0.25,transitoria,1.2803,0.4219,[2025]
"ctx_fase_dia_Amanhecer, ctx_fim_de_semana_Não, ctx_tipo_pista_Dupla => desfecho_AltaGravidade",1,4,0.25,transitoria,1.2778,0.4211,[2025]
ctx_tipo_acidente_Colisão_transversal => desfecho_AltaGravidade,1,4,0.25,transitoria,1.2768,0.403,[2026]
"ctx_condicao_metereologica_Céu_Claro, ctx_tipo_pista_Simples, ctx_tracado_via_Reta => desfecho_AltaGravidade",1,4,0.25,transitoria,1.2767,0.4188,[2024]
"ctx_causa_acidente_Velocidade_Incompatível, ctx_tracado_via_Reta, ctx_uso_solo_Não => desfecho_AltaGravidade",1,4,0.25,transitoria,1.275,0.4182,[2024]
"ctx_causa_acidente_Velocidade_Incompatível, ctx_tracado_via_Curva;Declive, ctx_uso_solo_Não => desfecho_AltaGravidade",1,4,0.25,transitoria,1.2746,0.42,[2025]
"ctx_causa_acidente_Ausência_de_reação_do_condutor, ctx_fim_de_semana_Não, ctx_tipo_acidente_Colisão_traseira => desfecho_AltaGravidade",1,4,0.25,transitoria,1.2746,0.4023,[2026]
"ctx_tracado_via_Declive;Curva, ctx_uso_solo_Não => desfecho_AltaGravidade",1,4,0.25,transitoria,1.2742,0.4022,[2026]
"ctx_condicao_metereologica_Céu_Claro, ctx_tipo_acidente_Colisão_transversal, ctx_tipo_pista_Simples => desfecho_AltaGravidade",1,4,0.25,transitoria,1.2726,0.4174,[2024]
"ctx_fase_dia_Amanhecer, ctx_fim_de_semana_Não, ctx_uso_solo_Não => desfecho_AltaGravidade",1,4,0.25,transitoria,1.2726,0.4194,[2025]
"ctx_causa_acidente_Ausência_de_reação_do_condutor, ctx_fim_de_semana_Não, ctx_tipo_acidente_Colisão_com_objeto => desfecho_AltaGravidade",1,4,0.25,transitoria,1.2704,0.4167,[2024]
"ctx_fase_dia_Plena_Noite, ctx_tipo_acidente_Tombamento, ctx_uso_solo_Sim => desfecho_AltaGravidade",1,4,0.25,transitoria,1.2677,0.4091,[2023]
"ctx_condicao_metereologica_Chuva, ctx_tipo_pista_Simples, ctx_uso_solo_Não => desfecho_AltaGravidade",1,4,0.25,transitoria,1.2674,0.4176,[2025]
ctx_tracado_via_Declive;Curva => desfecho_AltaGravidade,1,4,0.25,transitoria,1.2673,0.4,[2026]
"ctx_fase_dia_Pleno_dia, ctx_tipo_acidente_Colisão_transversal, ctx_tipo_pista_Simples => desfecho_AltaGravidade",1,4,0.25,transitoria,1.2666,0.4088,[2023]
"ctx_causa_acidente_Acessar_a_via_sem_observar_a_presença_dos_outros_veículos, ctx_condicao_metereologica_Céu_Claro, ctx_tracado_via_Reta => desfecho_AltaGravidade",1,4,0.25,transitoria,1.2645,0.4167,[2025]
"ctx_causa_acidente_Velocidade_Incompatível, ctx_fase_dia_Plena_Noite, ctx_tipo_acidente_Saída_de_leito_carroçável => desfecho_AltaGravidade",1,4,0.25,transitoria,1.2645,0.4167,[2025]
"ctx_condicao_metereologica_Chuva, ctx_tracado_via_Curva;Declive => desfecho_AltaGravidade",1,4,0.25,transitoria,1.2645,0.4167,[2025]
"ctx_causa_acidente_Acessar_a_via_sem_observar_a_presença_dos_outros_veículos, ctx_fim_de_semana_Não, ctx_tracado_via_Reta => desfecho_AltaGravidade",1,4,0.25,transitoria,1.2645,0.4167,[2025]
"ctx_causa_acidente_Velocidade_Incompatível, ctx_fim_de_semana_Sim => desfecho_AltaGravidade",1,4,0.25,transitoria,1.2642,0.4146,[2024]
"ctx_causa_acidente_Reação_tardia_ou_ineficiente_do_condutor, ctx_fim_de_semana_Sim => desfecho_AltaGravidade",1,4,0.25,transitoria,1.2627,0.4141,[2024]
"ctx_condicao_metereologica_Nublado, ctx_fim_de_semana_Sim, ctx_uso_solo_Não => desfecho_AltaGravidade",1,4,0.25,transitoria,1.2627,0.4141,[2024]
"ctx_causa_acidente_Velocidade_Incompatível, ctx_tracado_via_Curva;Declive => desfecho_AltaGravidade",1,4,0.25,transitoria,1.2597,0.4151,[2025]
"ctx_causa_acidente_Reação_tardia_ou_ineficiente_do_condutor, ctx_condicao_metereologica_Nublado, ctx_uso_solo_Não => desfecho_AltaGravidade",1,4,0.25,transitoria,1.2593,0.413,[2024]
"ctx_fase_dia_Plena_Noite, ctx_tipo_acidente_Colisão_traseira, ctx_tipo_pista_Dupla => desfecho_AltaGravidade",1,4,0.25,transitoria,1.2589,0.4062,[2023]
"ctx_causa_acidente_Acessar_a_via_sem_observar_a_presença_dos_outros_veículos, ctx_tipo_pista_Simples, ctx_uso_solo_Sim => desfecho_AltaGravidade",1,4,0.25,transitoria,1.2557,0.4138,[2025]
"ctx_condicao_metereologica_Céu_Claro, ctx_fase_dia_Anoitecer, ctx_fim_de_semana_Não => desfecho_AltaGravidade",1,4,0.25,transitoria,1.2527,0.4043,[2023]
"ctx_tipo_acidente_Colisão_lateral_sentido_oposto, ctx_uso_solo_Não => desfecho_AltaGravidade",1,4,0.25,transitoria,1.2518,0.4125,[2025]
"ctx_condicao_metereologica_Céu_Claro, ctx_tipo_pista_Simples, ctx_tracado_via_Curva => desfecho_AltaGravidade",1,4,0.25,transitoria,1.2509,0.4122,[2025]
"ctx_condicao_metereologica_Sol, ctx_fase_dia_Pleno_dia, ctx_tipo_pista_Simples => desfecho_AltaGravidade",1,4,0.25,transitoria,1.2496,0.4118,[2025]
"ctx_causa_acidente_Velocidade_Incompatível, ctx_fim_de_semana_Não, ctx_tipo_acidente_Saída_de_leito_carroçável => desfecho_AltaGravidade",1,4,0.25,transitoria,1.2495,0.4032,[2023]
"ctx_fase_dia_Pleno_dia, ctx_fim_de_semana_Sim, ctx_tipo_acidente_Colisão_traseira => desfecho_AltaGravidade",1,4,0.25,transitoria,1.2473,0.4091,[2024]
"ctx_causa_acidente_Velocidade_Incompatível, ctx_condicao_metereologica_Céu_Claro, ctx_fase_dia_Pleno_dia => desfecho_AltaGravidade",1,4,0.25,transitoria,1.2473,0.4091,[2024]
"ctx_condicao_metereologica_Céu_Claro, ctx_fase_dia_Pleno_dia, ctx_tipo_acidente_Queda_de_ocupante_de_veículo => desfecho_AltaGravidade",1,4,0.25,transitoria,1.245,0.4103,[2025]
"ctx_causa_acidente_Acessar_a_via_sem_observar_a_presença_dos_outros_veículos, ctx_tracado_via_Reta, ctx_uso_solo_Sim => desfecho_AltaGravidade",1,4,0.25,transitoria,1.245,0.4103,[2025]
"ctx_fase_dia_Amanhecer, ctx_tipo_pista_Dupla, ctx_uso_solo_Não => desfecho_AltaGravidade",1,4,0.25,transitoria,1.245,0.4103,[2025]
"ctx_fase_dia_Anoitecer, ctx_fim_de_semana_Sim => desfecho_AltaGravidade",1,4,0.25,transitoria,1.2415,0.4091,[2025]
"ctx_condicao_metereologica_Garoa/Chuvisco, ctx_fim_de_semana_Não => desfecho_AltaGravidade",1,4,0.25,transitoria,1.2386,0.4082,[2025]
"ctx_fase_dia_Plena_Noite, ctx_uso_solo_Não => desfecho_AltaGravidade",1,4,0.25,transitoria,1.2378,0.4079,[2025]
"ctx_condicao_metereologica_Sol, ctx_uso_solo_Não => desfecho_AltaGravidade",1,4,0.25,transitoria,1.2377,0.4059,[2024]
ctx_condicao_metereologica_Garoa/Chuvisco => desfecho_AltaGravidade,1,4,0.25,transitoria,1.2344,0.4068,[2025]
"ctx_condicao_metereologica_Céu_Claro, ctx_fim_de_semana_Não, ctx_tipo_pista_Simples => desfecho_AltaGravidade",1,4,0.25,transitoria,1.2328,0.4062,[2025]
"ctx_fim_de_semana_Não, ctx_tipo_acidente_Tombamento, ctx_tipo_pista_Simples => desfecho_AltaGravidade",1,4,0.25,transitoria,1.2328,0.4062,[2025]
"ctx_condicao_metereologica_Céu_Claro, ctx_tipo_acidente_Colisão_com_objeto, ctx_uso_solo_Sim => desfecho_AltaGravidade",1,4,0.25,transitoria,1.2303,0.4054,[2025]
"ctx_fase_dia_Plena_Noite, ctx_fim_de_semana_Sim, ctx_tracado_via_Reta => desfecho_AltaGravidade",1,4,0.25,transitoria,1.2303,0.4054,[2025]
"ctx_causa_acidente_Acessar_a_via_sem_observar_a_presença_dos_outros_veículos, ctx_condicao_metereologica_Céu_Claro, ctx_tipo_acidente_Colisão_transversal => desfecho_AltaGravidade",1,4,0.25,transitoria,1.2294,0.4032,[2024]
"ctx_fase_dia_Plena_Noite, ctx_fim_de_semana_Sim => desfecho_AltaGravidade",1,4,0.25,transitoria,1.2275,0.4045,[2025]
"ctx_tipo_pista_Simples, ctx_tracado_via_Curva => desfecho_AltaGravidade",1,4,0.25,transitoria,1.2273,0.4044,[2025]
"ctx_fase_dia_Plena_Noite, ctx_tracado_via_Reta, ctx_uso_solo_Não => desfecho_AltaGravidade",1,4,0.25,transitoria,1.227,0.4024,[2024]
"ctx_condicao_metereologica_Nublado, ctx_fim_de_semana_Sim => desfecho_AltaGravidade",1,4,0.25,transitoria,1.224,0.4015,[2024]
ctx_tipo_pista_Simples => desfecho_AltaGravidade,1,4,0.25,transitoria,1.2239,0.4033,[2025]
ctx_tracado_via_Curva;Declive => desfecho_AltaGravidade,1,4,0.25,transitoria,1.2233,0.4031,[2025]
"ctx_condicao_metereologica_Céu_Claro, ctx_tracado_via_Reta;Declive => desfecho_AltaGravidade",1,4,0.25,transitoria,1.2218,0.4026,[2025]
"ctx_causa_acidente_Acessar_a_via_sem_observar_a_presença_dos_outros_veículos, ctx_fim_de_semana_Não, ctx_uso_solo_Sim => desfecho_AltaGravidade",1,4,0.25,transitoria,1.2218,0.4026,[2025]
"ctx_causa_acidente_Velocidade_Incompatível, ctx_condicao_metereologica_Céu_Claro => desfecho_AltaGravidade",1,4,0.25,transitoria,1.2196,0.4,[2024]
